{
    "triangles": [
		{ "tri" : "6, 8, 9",
          "color" : "#ff7777"
        },
        { "tri" :  "0,2,1",
          "color" : "#ff0000"
        },
        { "tri" : "0,4,2",
          "color" : "#ff7700"
        },
        { "tri" : "1,6,3",
          "color" : "#ffff00"
        },
        { "tri" : "2,5,8",
          "color" : "#00ff00"
        },
        { "tri" : "2,6,1",
          "color" : "#00ff77"
        },
        { "tri" : "2,8,6",
          "color" : "#00ffff"
        },
        { "tri" : "3,6,11",
          "color" : "#0000ff"
        },
        { "tri" : "4,5,2",
          "color" : "#77ff77"
        },
        { "tri" : "4, 8, 5",
          "color" : "#77ff00"
        },
        { "tri" : "4, 10, 8",
          "color" : "#ffff77"
        },
        { "tri" : "6, 9, 11",
          "color" : "#ffffff"
        },
        { "tri" : "8, 10, 9",
          "color" : "#777777"
        },
        { "tri" : "9, 10, 11",
          "color" : "#7777ff"
        },
        { "tri" : "3, 11, 7",
          "color" : "#ff77ff"
        }
    ],
    "vertices": [
        { "id": 0,
           "position": "280,740"
        },
        { "id": 1,
          "position": "700,750"
        },
        { "id": 2,
          "position": "500,700"
        },
        { "id": 3,
          "position": "900,720"
        },
        { "id": 4,
          "position": "50,410"
        },
        { "id": 5,
          "position": "340,400"
        },
        { "id": 6,
          "position": "650,390"
        },
        { "id": 7,
          "position": "950,300"
        },
        { "id": 8,
          "position": "400,200"
        },
        { "id": 9,
          "position": "550,190"
        },
        { "id": 10,
          "position": "200,50"
        },
        { "id": 11,
          "position": "800,100"
        }
    ]
}
