{
    "triangles": [
        { "tri" :  "0,3,1",
          "color" : "#ff0000"
        },
        { "tri" : "1,3,4",
          "color" : "#ff7700"
        },
        { "tri" : "1,4,2",
          "color" : "#ffff00"
        },
        { "tri" : "0,4,3",
          "color" : "#00ff00"
        },
        { "tri" : "0,5,4",
          "color" : "#00ff77"
        },
        { "tri" : "0,7,5",
          "color" : "#00ffff"
        },
        { "tri" : "5,7,4",
          "color" : "#00ffff"
        },
        { "tri" : "7,6,4",
          "color" : "#0000ff"
        }
    ],
    "vertices": [
        { "id": 0,
           "position": "361,12"
        },
        { "id": 1,
          "position": "16,420"
        },
        { "id": 2,
          "position": "160,580"
        },
        { "id": 3,
          "position": "220,380"
        },
        { "id": 4,
          "position": "362,580"
        },
        { "id": 5,
          "position": "500,380"
        },
        { "id": 6,
          "position": "558,580"
        },
        { "id": 7,
          "position": "708,420"
        }
    ]
}
